feature,importance
kurtosis,0.1561351171803747
rms,0.12476703462546775
energy,0.12400000000000001
spectral_centroid,0.11600000000000002
high_band_energy,0.11200000000000002
mid_band_energy,0.10400000000000001
std,0.09434390086496926
low_band_energy,0.09200000000000001
peak_to_peak,0.07521666296632144
spectral_bandwidth,0.00141707738946377
mean,0.00012020697340315885
dominant_frequency,0.0
skewness,0.0
